{
  "fractal_dimension": 1.0,
  "power_law_alpha": 5.0,
  "clustering_coefficient": 1.0,
  "percolation_threshold": 0.5,
  "top_fb_nodes": [
    [
      "/home",
      13591.0
    ],
    [
      "/product/123",
      12659.369672097953
    ],
    [
      "/product/789",
      11660.001757630575
    ],
    [
      "/about",
      10031.676041146373
    ],
    [
      "/register",
      9744.387579815595
    ]
  ],
  "top_chokepoints": [
    [
      "/home",
      "Logout",
      0.4166666666666667
    ],
    [
      "/home",
      "Remove from Cart",
      0.3333333333333333
    ],
    [
      "/home",
      "Update Profile",
      0.3333333333333333
    ],
    [
      "/product/123",
      "Add to Cart",
      0.33266157415353526
    ],
    [
      "/about",
      "Login",
      0.3280496420391394
    ]
  ]
}