{
  "/about": 0.3280496420391394,
  "/account": 0.22887427946596106,
  "/blog": 0.15438129164486236,
  "/cart": 0.20910471536374312,
  "/checkout": 0.15337191812502352,
  "/contact": 0.15262525551293352,
  "/faq": 0.1389417277108463,
  "/home": 0.4166666666666667,
  "/login": 0.24913628724165396,
  "/product/123": 0.33266157415353526,
  "/product/456": 0.16277801669691186,
  "/product/789": 0.31197120441015314,
  "/products": 0.2063620286998664,
  "/register": 0.23899118484819842,
  "/search": 0.1805809608020483,
  "/settings": 0.13454562635684977
}