{
  "fractal_dimension": 1.0,
  "power_law_alpha": 5.0,
  "clustering_coefficient": 0.9659798534798535,
  "percolation_threshold": 0.5,
  "top_fb_nodes": [
    [
      "/blog",
      10021.0
    ],
    [
      "/account",
      9557.568364673634
    ],
    [
      "/product/456",
      8007.902466038894
    ],
    [
      "/products",
      7606.972271083973
    ],
    [
      "/product/123",
      7150.947505170299
    ]
  ],
  "top_chokepoints": [
    [
      "/product/789",
      "Error",
      0.448717874149674
    ],
    [
      "/home",
      "Form Submit",
      0.39187808317179185
    ],
    [
      "/account",
      "Add to Cart",
      0.38558016599792777
    ],
    [
      "/blog",
      "Checkout",
      0.375
    ],
    [
      "/blog",
      "Logout",
      0.3333333333333333
    ]
  ]
}