{
  "/about": 0.2957443608647713,
  "/account": 0.38558016599792777,
  "/blog": 0.375,
  "/cart": 0.19169445346898115,
  "/checkout": 0.3225090132271549,
  "/contact": 0.2556968830312029,
  "/faq": 0.3317953307093397,
  "/home": 0.39187808317179185,
  "/login": 0.20122657994248486,
  "/product/123": 0.3264130139450557,
  "/product/456": 0.3036056439960151,
  "/product/789": 0.448717874149674,
  "/products": 0.3276395938875406,
  "/register": 0.293844084256952,
  "/search": 0.23032357880165424,
  "/settings": 0.3100508596113532
}