{
  "/about": 0.2686050257731959,
  "/account": 0.211340206185567,
  "/blog": 0.27427743004418254,
  "/cart": 0.28338434278350516,
  "/checkout": 0.23923969072164947,
  "/contact": 0.38208762886597936,
  "/faq": 0.33709192439862545,
  "/home": 0.3745465826651393,
  "/login": 0.2737481590574374,
  "/product/123": 0.30261356314432986,
  "/product/456": 0.3321878579610539,
  "/product/789": 0.3922358247422679,
  "/products": 0.5037943871706758,
  "/register": 0.4494201030927834,
  "/search": 0.4613402061855669,
  "/settings": 0.6666666666666666
}