{
  "/about": 0.3572298906331763,
  "/account": 0.404530903016396,
  "/blog": 0.2452601000778536,
  "/cart": 0.20460607245637427,
  "/checkout": 0.28428904841947816,
  "/contact": 0.37988352133381303,
  "/faq": 0.2681660281290994,
  "/home": 0.3049476863905999,
  "/login": 0.3225478203366793,
  "/product/1000": 0.2701464216794168,
  "/product/1001": 0.30118354486849697,
  "/product/1002": 0.21059162381371593,
  "/product/1003": 0.32526491122789025,
  "/product/1004": 0.26427354495618005,
  "/product/1005": 0.3509410996750223,
  "/product/1006": 0.2888696149802228,
  "/product/1007": 0.327293164617914,
  "/product/1008": 0.26669634243223805,
  "/product/1009": 0.23682085325064145,
  "/product/1010": 0.375,
  "/product/1011": 0.3400213460562142,
  "/product/1012": 0.2968366683767216,
  "/product/1013": 0.25316008000187323,
  "/product/123": 0.27698094018224645,
  "/product/456": 0.27206105564817556,
  "/product/789": 0.25833281589924034,
  "/products": 0.32034355710732715,
  "/register": 0.23419285629673117,
  "/search": 0.4117647058823529,
  "/settings": 0.3259373696955745
}