{
  "fractal_dimension": 1.0,
  "power_law_alpha": 2.5,
  "clustering_coefficient": 1.0,
  "percolation_threshold": 0.5,
  "top_fb_nodes": [
    [
      "/search",
      14301.0
    ],
    [
      "/cart",
      5258.016907675195
    ],
    [
      "/settings",
      4989.70745272525
    ],
    [
      "/home",
      4191.142157953281
    ],
    [
      "/products",
      4039.4889877641826
    ]
  ],
  "top_chokepoints": [
    [
      "/search",
      "Click",
      0.2809917355371901
    ],
    [
      "/search",
      "Checkout",
      0.2773722627737226
    ],
    [
      "/search",
      "Remove from Cart",
      0.21551724137931033
    ],
    [
      "/search",
      "Add to Cart",
      0.21052631578947367
    ],
    [
      "/search",
      "Update Profile",
      0.21
    ]
  ]
}