{
  "/about": 0.05952614015572858,
  "/account": 0.03427987771178319,
  "/blog": 0.06160177975528365,
  "/cart": 0.09997983464408149,
  "/checkout": 0.013584415328733007,
  "/contact": 0.056624247805070534,
  "/faq": 0.017849898580121704,
  "/home": 0.06815496977692698,
  "/login": 0.016836191029739413,
  "/product/123": 0.046837104980032455,
  "/product/456": 0.03791145384176342,
  "/product/789": 0.05634832353408549,
  "/products": 0.07934325696883346,
  "/register": 0.04783523467073665,
  "/search": 0.2809917355371901,
  "/settings": 0.09282825293479334
}