{
  "/about": 0.24156882690957182,
  "/account": 0.21421007561379826,
  "/blog": 0.3825809627896409,
  "/cart": 0.30233903439203536,
  "/checkout": 0.2206860435370177,
  "/contact": 0.4375,
  "/faq": 0.247842791245204,
  "/home": 0.13164335968734137,
  "/login": 0.4115621680915153,
  "/product/123": 0.2728574288311455,
  "/product/456": 0.3722958643300607,
  "/product/789": 0.2698243259593006,
  "/products": 0.32272205748614574,
  "/register": 0.22562039148322297,
  "/search": 0.16197685247239985,
  "/settings": 0.16870030720299733
}