{
  "fractal_dimension": 1.0,
  "power_law_alpha": 5.0,
  "clustering_coefficient": 0.9739010989010989,
  "percolation_threshold": 0.5,
  "top_fb_nodes": [
    [
      "/blog",
      10539.0
    ],
    [
      "/settings",
      8724.23385649939
    ],
    [
      "/contact",
      7835.219157166125
    ],
    [
      "/account",
      7437.7465645358325
    ],
    [
      "/product/456",
      6970.333112785017
    ]
  ],
  "top_chokepoints": [
    [
      "/settings",
      "Add to Cart",
      0.5824309938246471
    ],
    [
      "/settings",
      "Checkout",
      0.5241878944421824
    ],
    [
      "/contact",
      "Checkout",
      0.5152579938161646
    ],
    [
      "/settings",
      "Form Submit",
      0.4368232453684854
    ],
    [
      "/checkout",
      "Login",
      0.3779766070337948
    ]
  ]
}