{
  "/about": 0.2759002188517916,
  "/account": 0.31356435769543983,
  "/blog": 0.3,
  "/cart": 0.18055537883414768,
  "/checkout": 0.3779766070337948,
  "/contact": 0.5152579938161646,
  "/faq": 0.15796592470665533,
  "/home": 0.12259708367263844,
  "/login": 0.16923478216612378,
  "/product/123": 0.15666766337540722,
  "/product/456": 0.2847358297706297,
  "/product/789": 0.24355600533678456,
  "/products": 0.23046238802931598,
  "/register": 0.19004558351995118,
  "/search": 0.19003932095505904,
  "/settings": 0.5824309938246471
}