{
  "/about": 0.020737091812991618,
  "/account": 0.04500417636008431,
  "/blog": 0.2307737846054963,
  "/cart": 0.006239666451009994,
  "/checkout": 0.04123245961920149,
  "/contact": 0.07159801595859393,
  "/faq": 0.11021853209690176,
  "/home": 0.09549626900516436,
  "/login": 0.032565023951748345,
  "/product/123": 0.04158695485818835,
  "/product/456": 0.025178243509060845,
  "/product/789": 0.01955500704264949,
  "/products": 0.03804183739486738,
  "/register": 0.08594218004936145,
  "/search": 0.1080774144404214,
  "/settings": 0.21495327102803738
}