{
  "/about": 0.3834129089301504,
  "/account": 0.8330327144120249,
  "/blog": 0.5,
  "/cart": 0.29015030946065434,
  "/checkout": 0.3307161803713528,
  "/contact": 0.11105216622458004,
  "/faq": 0.448193339227822,
  "/home": 0.22307102858827,
  "/login": 0.189000884173298,
  "/product/123": 0.29103448275862076,
  "/product/456": 0.7029177718832894,
  "/product/789": 0.4649690539345712,
  "/products": 0.22340111995284412,
  "/register": 0.14284703801945184,
  "/search": 0.42472148541114063,
  "/settings": 0.5394518125552609
}