{
  "fractal_dimension": 1.0,
  "power_law_alpha": 5.0,
  "clustering_coefficient": 0.9690621878121879,
  "percolation_threshold": 0.5,
  "top_fb_nodes": [
    [
      "/cart",
      7410.0
    ],
    [
      "/product/123",
      7141.035542835391
    ],
    [
      "/settings",
      6671.711004744214
    ],
    [
      "/product/456",
      6538.334442431464
    ],
    [
      "/products",
      6032.2207857208305
    ]
  ],
  "top_chokepoints": [
    [
      "/product/123",
      "Remove from Cart",
      0.5320891561824332
    ],
    [
      "/products",
      "Register",
      0.5174318738823838
    ],
    [
      "/cart",
      "Scroll",
      0.5
    ],
    [
      "/cart",
      "Logout",
      0.5
    ],
    [
      "/checkout",
      "Register",
      0.4815036738875534
    ]
  ]
}