{
  "/about": 0.42214812569465493,
  "/account": 0.27869967643471943,
  "/blog": 0.4451666114467386,
  "/cart": 0.5,
  "/checkout": 0.4815036738875534,
  "/contact": 0.28986585082160193,
  "/faq": 0.2939016051375681,
  "/home": 0.26412161542962276,
  "/login": 0.21699518327813014,
  "/product/123": 0.5320891561824332,
  "/product/456": 0.2683054061484453,
  "/product/789": 0.45535574557476893,
  "/products": 0.5174318738823838,
  "/register": 0.22861050212537976,
  "/search": 0.09512631264818325,
  "/settings": 0.4482471784966551
}