{
  "/about": 0.4094257707831631,
  "/account": 0.5714285714285714,
  "/blog": 0.39042838245768746,
  "/cart": 0.22463114337075607,
  "/checkout": 0.39405516980729816,
  "/contact": 0.4427805854221077,
  "/faq": 0.31716582437336766,
  "/home": 0.31445663602754126,
  "/login": 0.4983465047654581,
  "/product/123": 0.35074449682868086,
  "/product/456": 0.4327239426109961,
  "/product/789": 0.5429957215053711,
  "/products": 0.39312727431304245,
  "/register": 0.32274531085710406,
  "/search": 0.25391468529887284,
  "/settings": 0.2856832751076892
}