{
  "/about": 0.2926861673049003,
  "/account": 0.28986248875995374,
  "/blog": 0.5894690015481501,
  "/cart": 0.4384943340889649,
  "/checkout": 0.3844127127804361,
  "/contact": 0.34529952362745536,
  "/faq": 0.2417180536797822,
  "/home": 0.29798099943476736,
  "/login": 0.3025949680375162,
  "/product/123": 0.2740118580536098,
  "/product/456": 0.2727272727272727,
  "/product/789": 0.2651806060911277,
  "/products": 0.18775399854086475,
  "/register": 0.21523658820335745,
  "/search": 0.1820751660081121,
  "/settings": 0.7072220569301306
}